{"Labels": {"_type": "images/separated", "width": 1600, "height": 1600, "format": "jpg", "count": 2, "captions": ["labels.jpg", "labels_correlogram.jpg"]}, "Mosaics": {"_type": "images/separated", "width": 1280, "height": 1280, "format": "jpg", "count": 3, "captions": ["train_batch1.jpg", "train_batch0.jpg", "train_batch2.jpg"]}, "train/box_loss": 0.05995916202664375, "train/obj_loss": 0.028240496292710304, "train/cls_loss": 0.03144242241978645, "metrics/precision": 0.6795056565981588, "metrics/recall": 0.7940174100823179, "metrics/mAP_0.5": 0.7900356396082013, "metrics/mAP_0.5:0.95": 0.4950068828040621, "val/box_loss": 0.030766380950808525, "val/obj_loss": 0.018828095868229866, "val/cls_loss": 0.010890773497521877, "x/lr0": 0.0033292383292383293, "x/lr1": 0.0033292383292383293, "x/lr2": 0.07003685503685504, "_runtime": 343, "_timestamp": 1618668818, "_step": 0}